{"cameraMode":{"drawMode":0,"name":"Shaded","section":"Shading Mode"},"sceneLighting":false,"audioPlay":false,"sceneViewState":{"m_AlwaysRefresh":false,"showFog":true,"showSkybox":true,"showFlares":true,"showImageEffects":true,"showParticleSystems":true,"showVisualEffectGraphs":true,"m_FxEnabled":true},"in2DMode":false,"pivot":{"x":53.16793441772461,"y":2.660308837890625,"z":93.53520202636719},"rotation":{"x":0.6050003170967102,"y":0.00860579777508974,"z":-0.006543473806232214,"w":0.7961578369140625},"size":234.61245727539063,"orthographic":false}